accuracy,precision,recall,f1,fpr,roc_auc,mse,mae,tn,fp,fn,tp,model,fold,threshold
0.8183333333333334,0.7747252747252747,0.6746411483253588,0.7212276214833759,0.1048593350383631,0.8662306195621582,0.1291352222222222,0.2857222222222222,350,41,68,141,RandomForest,1,0.5
0.5266666666666666,0.4092009685230024,0.8086124401913876,0.5434083601286174,0.6240409207161125,0.6642029393409123,0.2308488838231742,0.3720868510262536,147,244,40,169,IsolationForest,1,0.11
0.7383333333333333,0.6120689655172413,0.6794258373205742,0.6439909297052154,0.2301790281329923,0.7785337559196759,0.2000618469544676,0.3359420830081123,301,90,67,142,OneClassSVM,1,0.18
0.3483333333333333,0.3483333333333333,1.0,0.5166872682323856,1.0,0.6158298559698479,0.3293953753599217,0.5321244486917636,0,391,0,209,NaiveThreshold,1,0.02
0.5733333333333334,0.4356164383561643,0.7607655502392344,0.554006968641115,0.5268542199488491,0.664545576916017,0.2229955777445727,0.4204251200213357,185,206,50,159,CUSUM,1,0.33
0.4583333333333333,0.3675799086757991,0.7703349282296651,0.4976816074188562,0.7084398976982097,0.5642139526915405,0.2310414697641636,0.4189588687893749,114,277,48,161,EWMA,1,0.21
0.855,0.8719512195121951,0.6842105263157895,0.7667560321715817,0.0537084398976982,0.8915552074792887,0.1124298125505447,0.1926706135272979,370,21,66,143,1D-CNN,1,0.56
0.865,0.8555555555555555,0.7368421052631579,0.7917737789203085,0.0664961636828644,0.9150381184302304,0.0960833728313446,0.1779546290636062,365,26,55,154,CNN,1,0.5
0.8266666666666667,0.8888888888888888,0.5741626794258373,0.6976744186046512,0.0383631713554987,0.8281794931411299,0.1423178166151046,0.30953449010849,376,15,89,120,GRU,1,0.48
0.3483333333333333,0.3483333333333333,1.0,0.5166872682323856,1.0,0.5506797684748956,0.2431646287441253,0.4917925894260406,0,391,0,209,LSTM,1,0.33
0.8716666666666667,0.888235294117647,0.722488038277512,0.7968337730870713,0.0485933503836317,0.9075368029466832,0.0974999517202377,0.1752078384160995,372,19,58,151,CNN+GRU,1,0.43
0.8883333333333333,0.927710843373494,0.7368421052631579,0.8213333333333334,0.0306905370843989,0.904869124683366,0.0932697653770446,0.184639424085617,379,12,55,154,CNN+LSTM,1,0.44
0.8683333333333333,0.8823529411764706,0.7177033492822966,0.7915567282321899,0.0511508951406649,0.8905089391695934,0.1140584074074074,0.2683888888888889,371,20,59,150,RandomForest,2,0.5
0.6316666666666667,0.4831460674157303,0.8229665071770335,0.6088495575221239,0.4705882352941176,0.7558095424564666,0.2134652604484771,0.3486704983536366,207,184,37,172,IsolationForest,2,0.13
0.7683333333333333,0.6548672566371682,0.7081339712918661,0.6804597701149425,0.1994884910485933,0.826723283446934,0.195434515531495,0.3268477859350521,313,78,61,148,OneClassSVM,2,0.1699999999999999
0.36,0.3462214411247803,0.9425837320574164,0.506426735218509,0.9514066496163684,0.5670651867986637,0.3423067040655782,0.544755809770976,19,372,12,197,NaiveThreshold,2,0.48
0.5733333333333334,0.4379947229551451,0.7942583732057417,0.564625850340136,0.5447570332480819,0.6928009398059203,0.2210648832971474,0.4178670335738212,178,213,43,166,CUSUM,2,0.36
0.4516666666666666,0.3780487804878049,0.8899521531100478,0.5306704707560628,0.782608695652174,0.5969358411140616,0.2356486071367592,0.4088037457630547,85,306,23,186,EWMA,2,0.15
0.8183333333333334,0.7577319587628866,0.7033492822966507,0.7295285359801489,0.1202046035805626,0.8652822477024926,0.1331742256879806,0.2405302971601486,344,47,62,147,1D-CNN,2,0.5
0.845,0.7871287128712872,0.7607655502392344,0.7737226277372263,0.1099744245524296,0.8979062396749838,0.1123944818973541,0.2052550017833709,348,43,50,159,CNN,2,0.41
0.8066666666666666,0.918918918918919,0.4880382775119617,0.6375,0.0230179028132992,0.7350799691626182,0.1620616018772125,0.3502848446369171,382,9,107,102,GRU,2,0.46
0.7416666666666667,0.6875,0.4736842105263157,0.5609065155807366,0.1150895140664961,0.708231867741896,0.2042880207300186,0.4284064173698425,346,45,110,99,LSTM,2,0.48
0.8966666666666666,0.8888888888888888,0.8038277511961722,0.8442211055276382,0.0537084398976982,0.9233715537390326,0.0852256044745445,0.179899975657463,370,21,41,168,CNN+GRU,2,0.38
0.855,0.9295774647887324,0.631578947368421,0.7521367521367521,0.0255754475703324,0.8675705772219435,0.1188946291804313,0.2589477598667145,381,10,77,132,CNN+LSTM,2,0.44
0.8283333333333334,0.7704081632653061,0.722488038277512,0.745679012345679,0.1150895140664961,0.8747476107147665,0.1244845185185185,0.2787,346,45,58,151,RandomForest,3,0.47
0.6133333333333333,0.4656716417910447,0.7464114832535885,0.5735294117647058,0.4578005115089514,0.717201629975893,0.2282130351486705,0.3632707638967653,212,179,53,156,IsolationForest,3,0.1399999999999999
0.77,0.6666666666666666,0.6794258373205742,0.6729857819905213,0.1815856777493606,0.8174965430316085,0.2007444541810129,0.3348812686696629,320,71,67,142,OneClassSVM,3,0.19
0.3816666666666666,0.3454198473282442,0.8660287081339713,0.4938608458390177,0.8772378516624041,0.5606896804904613,0.3440906402120041,0.5447068359602053,48,343,28,181,NaiveThreshold,3,0.52
0.55,0.421188630490956,0.7799043062200957,0.5469798657718121,0.5728900255754475,0.6713004319680858,0.2247047445366949,0.426178835059568,167,224,46,163,CUSUM,3,0.35
0.3716666666666666,0.3551724137931034,0.985645933014354,0.5221799746514575,0.9565217391304348,0.5935828877005347,0.2306518829934852,0.4197306096054277,17,374,3,206,EWMA,3,0.12
0.8466666666666667,0.8461538461538461,0.6842105263157895,0.7566137566137566,0.0664961636828644,0.8742642469927434,0.1203418001532554,0.2354781031608581,365,26,66,143,1D-CNN,3,0.5800000000000001
0.8566666666666667,0.8596491228070176,0.7033492822966507,0.7736842105263158,0.0613810741687979,0.8999620651256133,0.1039060428738594,0.1948250383138656,367,24,62,147,CNN,3,0.39
0.49,0.3869463869463869,0.7942583732057417,0.5203761755485894,0.6726342710997443,0.6726832193247592,0.1910607367753982,0.4068659842014313,128,263,43,166,GRU,3,0.37
0.5116666666666667,0.3985507246376811,0.7894736842105263,0.5296950240770465,0.6368286445012787,0.6861562182601353,0.1968633085489273,0.4125844836235046,142,249,44,165,LSTM,3,0.38
0.9216666666666666,0.9263157894736842,0.8421052631578947,0.8822055137844611,0.0358056265984654,0.9422043833135502,0.0678871423006057,0.1415794938802719,377,14,33,176,CNN+GRU,3,0.43
0.8633333333333333,0.8159203980099502,0.784688995215311,0.8,0.0946291560102301,0.9204224231818792,0.093096062541008,0.1897721886634826,354,37,45,164,CNN+LSTM,3,0.34
0.8416666666666667,0.7766990291262136,0.7655502392344498,0.7710843373493976,0.1176470588235294,0.8994664643473366,0.1159047407407407,0.2699444444444444,345,46,49,160,RandomForest,4,0.43
0.6,0.4558404558404558,0.7655502392344498,0.5714285714285714,0.4884910485933504,0.6967902201446421,0.224609647695884,0.3670896834894764,200,191,49,160,IsolationForest,4,0.1399999999999999
0.7633333333333333,0.6324110671936759,0.7655502392344498,0.6926406926406926,0.237851662404092,0.8153917693559637,0.1978798947269342,0.3368446494140868,298,93,49,160,OneClassSVM,4,0.18
0.3766666666666666,0.3534635879218472,0.9521531100478468,0.5155440414507773,0.9309462915601024,0.6195743951834947,0.3516862470658345,0.5444544582716315,27,364,10,199,NaiveThreshold,4,0.5
0.5716666666666667,0.4396984924623116,0.8373205741626795,0.5766062602965404,0.5703324808184144,0.6937187190249514,0.2138717771265215,0.4103608952792603,168,223,34,175,CUSUM,4,0.3
0.41,0.3669724770642202,0.9569377990430622,0.5305039787798409,0.8823529411764706,0.6177021255766713,0.2231404372666549,0.4192690355633777,46,345,9,200,EWMA,4,0.1699999999999999
0.8583333333333333,0.848314606741573,0.722488038277512,0.7803617571059431,0.0690537084398976,0.8735300236175185,0.1159357205033302,0.1901509463787078,364,27,58,151,1D-CNN,4,0.38
0.87,0.8786127167630058,0.7272727272727273,0.7958115183246073,0.0537084398976982,0.9017609123949144,0.0981591641902923,0.1975810378789901,370,21,57,152,CNN,4,0.44
0.795,0.8071428571428572,0.5406698564593302,0.6475644699140402,0.0690537084398976,0.7900855370232135,0.1574098020792007,0.332951158285141,364,27,96,113,GRU,4,0.49
0.3933333333333333,0.3583180987202925,0.937799043062201,0.5185185185185185,0.8976982097186701,0.6408791101212692,0.2312644720077514,0.4714061915874481,40,351,13,196,LSTM,4,0.39
0.9066666666666666,0.9580838323353292,0.7655502392344498,0.851063829787234,0.0179028132992327,0.9336262068796732,0.0754550844430923,0.1493414789438247,384,7,49,160,CNN+GRU,4,0.6
0.39,0.3575317604355716,0.9425837320574164,0.5184210526315789,0.90537084398977,0.6335124022565132,0.2140660881996154,0.4428521692752838,37,354,12,197,CNN+LSTM,4,0.3
0.8266666666666667,0.7837837837837838,0.69377990430622,0.7360406091370558,0.1023017902813299,0.8601977508290605,0.1310875925925926,0.2889222222222222,351,40,64,145,RandomForest,5,0.48
0.5633333333333334,0.4379391100702576,0.8947368421052632,0.5880503144654088,0.6138107416879796,0.7246907084031866,0.2182019687053262,0.3629571518341761,151,240,22,187,IsolationForest,5,0.11
0.74,0.6039215686274509,0.7368421052631579,0.6637931034482759,0.258312020460358,0.8178024694379519,0.1994197160443988,0.3326459819047416,290,101,55,154,OneClassSVM,5,0.1699999999999999
0.3483333333333333,0.3468013468013468,0.985645933014354,0.5130759651307597,0.9923273657289002,0.5742605758758673,0.3462959661560992,0.544974468881182,3,388,3,206,NaiveThreshold,5,0.27
0.5333333333333333,0.4148681055155875,0.8277511961722488,0.5527156549520766,0.6240409207161125,0.6848835644097455,0.2256385306434391,0.4246980309002227,147,244,36,173,CUSUM,5,0.33
0.43,0.3698630136986301,0.9043062200956936,0.525,0.8235294117647058,0.5704059031559368,0.2341285283124828,0.4209022279645035,69,322,20,189,EWMA,5,0.18
0.85,0.8993288590604027,0.6411483253588517,0.7486033519553073,0.0383631713554987,0.8762955983308655,0.1136856079101562,0.2133526355028152,376,15,75,134,1D-CNN,5,0.5700000000000001
0.8516666666666667,0.9225352112676056,0.6267942583732058,0.7464387464387464,0.0281329923273657,0.8837112544206365,0.1155652478337287,0.2185039222240448,380,11,78,131,CNN,5,0.7000000000000001
0.775,0.87,0.416267942583732,0.5631067961165048,0.0332480818414322,0.708868194667091,0.1859221905469894,0.4015391170978546,378,13,122,87,GRU,5,0.46
0.37,0.3520140105078809,0.9617224880382776,0.5153846153846153,0.9462915601023018,0.4832780626292539,0.2361951917409896,0.4767409265041351,21,370,8,201,LSTM,5,0.32
0.8733333333333333,0.9403973509933776,0.6794258373205742,0.7888888888888889,0.0230179028132992,0.8845800854146526,0.1011103242635726,0.1808846443891525,382,9,67,142,CNN+GRU,5,0.56
0.885,0.8763440860215054,0.7799043062200957,0.8253164556962025,0.0588235294117647,0.9195780663003708,0.0872900784015655,0.1581438481807708,368,23,46,163,CNN+LSTM,5,0.33
0.8183333333333334,0.7083333333333334,0.8133971291866029,0.7572383073496659,0.1790281329923273,0.8898970863569059,0.1179788703703703,0.2743388888888889,321,70,39,170,RandomForest,6,0.39
0.655,0.5030864197530864,0.7799043062200957,0.6116322701688556,0.4117647058823529,0.7275908907353248,0.2204300723447247,0.3592827229938195,230,161,46,163,IsolationForest,6,0.15
0.79,0.6985645933014354,0.6985645933014354,0.6985645933014354,0.1611253196930946,0.8357419939059458,0.1957133999884917,0.3280980072278644,328,63,63,146,OneClassSVM,6,0.18
0.3466666666666667,0.3456998313659359,0.9808612440191388,0.5112219451371571,0.9923273657289002,0.5823615071158482,0.3715132825340563,0.5550160098680145,3,388,4,205,NaiveThreshold,6,0.39
0.5566666666666666,0.4282115869017632,0.8133971291866029,0.5610561056105611,0.5805626598465473,0.7023458436838435,0.2178579662584113,0.4187689468161513,164,227,39,170,CUSUM,6,0.36
0.3733333333333333,0.349005424954792,0.9234449760765552,0.5065616797900262,0.9207161125319692,0.562060230790881,0.2334894886370819,0.4299910565211498,31,360,16,193,EWMA,6,0.1699999999999999
0.845,0.9202898550724636,0.6076555023923444,0.7319884726224783,0.0281329923273657,0.8717434134044714,0.1183654516935348,0.2284344732761383,380,11,82,127,1D-CNN,6,0.55
0.8483333333333334,0.8072916666666666,0.7416267942583732,0.773067331670823,0.0946291560102301,0.8885693657533744,0.1047288402915,0.1935511380434036,354,37,54,155,CNN,6,0.38
0.3783333333333333,0.3475836431226766,0.8947368421052632,0.500669344042838,0.8976982097186701,0.500728104847098,0.2483282685279846,0.4967210292816162,40,351,22,187,GRU,6,0.44
0.3766666666666666,0.3497267759562841,0.9186602870813396,0.5065963060686016,0.9130434782608696,0.4989414946340508,0.2269867658615112,0.4563883543014526,34,357,17,192,LSTM,6,0.34
0.8966666666666666,0.92,0.7703349282296651,0.8385416666666666,0.0358056265984654,0.938998274575068,0.0813177302479744,0.1618120819330215,377,14,48,161,CNN+GRU,6,0.41
0.8316666666666667,0.78125,0.7177033492822966,0.7481296758104738,0.1074168797953964,0.8797097370256611,0.1093896478414535,0.2417492419481277,349,42,59,150,CNN+LSTM,6,0.38
0.85,0.8324022346368715,0.7129186602870813,0.7680412371134021,0.0767263427109974,0.876466917118418,0.1235842037037037,0.2774611111111111,361,30,60,149,RandomForest,7,0.48
0.585,0.4453551912568306,0.7799043062200957,0.5669565217391305,0.5191815856777494,0.6992376313953915,0.2309794377472395,0.3634588023695185,188,203,46,163,IsolationForest,7,0.12
0.765,0.6559633027522935,0.6842105263157895,0.6697892271662763,0.1918158567774936,0.8079026909286702,0.2085560753934075,0.3366707389992646,316,75,66,143,OneClassSVM,7,0.1699999999999999
0.3466666666666667,0.3467336683417085,0.9904306220095692,0.5136476426799007,0.9974424552429668,0.5834138939536705,0.3435621017921074,0.5428075403175453,1,390,2,207,NaiveThreshold,7,0.24
0.575,0.4404145077720207,0.8133971291866029,0.5714285714285714,0.5524296675191815,0.6783489763702444,0.2241083972779498,0.419865130965407,175,216,39,170,CUSUM,7,0.33
0.4183333333333333,0.3713235294117647,0.9665071770334928,0.5365205843293492,0.8746803069053708,0.613835215800487,0.2229306945620901,0.4379251943944572,49,342,7,202,EWMA,7,0.21
0.8416666666666667,0.8653846153846154,0.645933014354067,0.7397260273972602,0.0537084398976982,0.8708745824104553,0.1205054745078086,0.2532178163528442,370,21,74,135,1D-CNN,7,0.49
0.8666666666666667,0.8909090909090909,0.7033492822966507,0.786096256684492,0.0460358056265984,0.902984618020289,0.1016306355595588,0.2125841826200485,373,18,62,147,CNN,7,0.47
0.7016666666666667,0.6119402985074627,0.3923444976076555,0.478134110787172,0.1329923273657289,0.6333288464127069,0.2084274590015411,0.4342964291572571,339,52,127,82,GRU,7,0.48
0.7,0.5810055865921788,0.4976076555023923,0.5360824742268041,0.1918158567774936,0.7387388489824889,0.1776984632015228,0.3679450154304504,316,75,105,104,LSTM,7,0.4
0.8816666666666667,0.925925925925926,0.7177033492822966,0.8086253369272237,0.0306905370843989,0.9070350836402796,0.0984458699822425,0.1839841902256012,379,12,59,150,CNN+GRU,7,0.38
0.8283333333333334,0.7476635514018691,0.7655502392344498,0.7565011820330969,0.1381074168797953,0.8816799030825144,0.1216445192694664,0.2419314533472061,337,54,49,160,CNN+LSTM,7,0.22
0.8233333333333334,0.7256637168141593,0.7884615384615384,0.7557603686635944,0.1581632653061224,0.8863569466248038,0.112510537037037,0.25645,330,62,44,164,RandomForest,8,0.4
0.575,0.4413965087281795,0.8509615384615384,0.5812807881773399,0.5714285714285714,0.7172169348508635,0.2194593778766632,0.357595254428378,168,224,31,177,IsolationForest,8,0.11
0.7266666666666667,0.5852713178294574,0.7259615384615384,0.648068669527897,0.2729591836734694,0.8065762362637363,0.1887332546349185,0.327693646882969,285,107,57,151,OneClassSVM,8,0.1699999999999999
0.4666666666666667,0.3647342995169082,0.7259615384615384,0.4855305466237942,0.6709183673469388,0.5565639717425431,0.3667513939858663,0.558057659942813,129,263,57,151,NaiveThreshold,8,0.67
0.6183333333333333,0.4653465346534653,0.6778846153846154,0.5518590998043053,0.413265306122449,0.6598312401883831,0.2328643772977918,0.4284335568381777,230,162,67,141,CUSUM,8,0.44
0.4,0.3576779026217228,0.9182692307692308,0.5148247978436657,0.875,0.5530563186813187,0.2400954107777237,0.4137974818518297,49,343,17,191,EWMA,8,0.13
0.885,0.9112426035502958,0.7403846153846154,0.8169761273209549,0.0382653061224489,0.90454523155416,0.0958531573414802,0.1989908069372177,377,15,54,154,1D-CNN,8,0.53
0.8533333333333334,0.9166666666666666,0.6346153846153846,0.75,0.0306122448979591,0.8988912872841444,0.1129393503069877,0.2322073578834533,380,12,76,132,CNN,8,0.73
0.3733333333333333,0.3478260869565217,0.9230769230769232,0.5052631578947369,0.9183673469387756,0.5064388736263736,0.2500340342521667,0.4979477524757385,32,360,16,192,GRU,8,0.42
0.3583333333333333,0.3492333901192504,0.9855769230769232,0.5157232704402516,0.9744897959183674,0.6301878924646782,0.2184646129608154,0.4587056040763855,10,382,3,205,LSTM,8,0.37
0.8916666666666667,0.9085714285714286,0.7644230769230769,0.8302872062663186,0.0408163265306122,0.9308403649921508,0.0830881148576736,0.1594692021608352,376,16,49,159,CNN+GRU,8,0.44
0.855,0.8622754491017964,0.6923076923076923,0.768,0.0586734693877551,0.8875466051805339,0.1036151126027107,0.2047917693853378,369,23,64,144,CNN+LSTM,8,0.39
0.8283333333333334,0.8181818181818182,0.6490384615384616,0.7238605898123325,0.0765306122448979,0.853009713500785,0.1316536666666666,0.2875333333333333,362,30,73,135,RandomForest,9,0.49
0.6516666666666666,0.4982817869415807,0.6971153846153846,0.5811623246492986,0.3724489795918367,0.7045844780219779,0.2219248549836505,0.3611780661186831,246,146,63,145,IsolationForest,9,0.1699999999999999
0.7783333333333333,0.7218934911242604,0.5865384615384616,0.6472148541114059,0.1198979591836734,0.7904606554160125,0.2064374235555855,0.3367221132384854,345,47,86,122,OneClassSVM,9,0.1999999999999999
0.3583333333333333,0.3455497382198952,0.9519230769230768,0.5070422535211268,0.9566326530612244,0.5442258634222921,0.3635396383509186,0.5578996882283443,17,375,10,198,NaiveThreshold,9,0.49
0.5283333333333333,0.4087591240875912,0.8076923076923077,0.5428109854604201,0.6198979591836735,0.6386504120879121,0.2338241230421422,0.435644368935107,149,243,40,168,CUSUM,9,0.31
0.3983333333333333,0.3596330275229358,0.9423076923076924,0.5205843293492696,0.8903061224489796,0.5705087323390895,0.2339810508353475,0.4209510499844812,43,349,12,196,EWMA,9,0.15
0.82,0.7906976744186046,0.6538461538461539,0.7157894736842105,0.0918367346938775,0.8423763736263736,0.1386217027902603,0.239287719130516,356,36,72,136,1D-CNN,9,0.53
0.845,0.8362573099415205,0.6875,0.7546174142480211,0.0714285714285714,0.8980205062794349,0.1115217357873916,0.1846686750650406,364,28,65,143,CNN,9,0.5700000000000001
0.82,0.8246753246753247,0.6105769230769231,0.7016574585635359,0.0688775510204081,0.8019770408163265,0.1428805738687515,0.3070763051509857,365,27,81,127,GRU,9,0.45
0.46,0.3786610878661088,0.8701923076923077,0.5276967930029155,0.7576530612244898,0.603671997645212,0.2193410247564315,0.4543386697769165,95,297,27,181,LSTM,9,0.4
0.855,0.8538011695906432,0.7019230769230769,0.7704485488126649,0.0637755102040816,0.8886013540031397,0.1094699501991272,0.1954606473445892,367,25,62,146,CNN+GRU,9,0.4
0.8583333333333333,0.89171974522293,0.6730769230769231,0.7671232876712328,0.0433673469387755,0.8782623626373627,0.1106417328119278,0.1940609514713287,375,17,68,140,CNN+LSTM,9,0.43
0.8433333333333334,0.7794117647058824,0.7644230769230769,0.7718446601941747,0.11479591836734694,0.8918453198587127,0.11962359259259259,0.27524444444444446,347,45,49,159,RandomForest,10,0.46
0.5683333333333334,0.4397163120567376,0.8942307692307693,0.589540412044374,0.6045918367346939,0.7369260204081632,0.22192960827941077,0.35720330731880634,155,237,22,186,IsolationForest,10,0.1
0.7866666666666666,0.6754385964912281,0.7403846153846154,0.7064220183486238,0.18877551020408162,0.8183869701726844,0.20049089854520233,0.3287166998676085,318,74,54,154,OneClassSVM,10,0.16999999999999998
0.35333333333333333,0.34429065743944637,0.9567307692307693,0.5063613231552163,0.9668367346938775,0.5875073587127159,0.3642913432676886,0.5544286867409,13,379,9,199,NaiveThreshold,10,0.48000000000000004
0.58,0.44554455445544555,0.8653846153846154,0.5882352941176471,0.5714285714285714,0.7327070251177394,0.20785592139207879,0.4079083474668576,168,224,28,180,CUSUM,10,0.33
0.38666666666666666,0.3555956678700361,0.9471153846153846,0.5170603674540682,0.9107142857142857,0.5748871664050235,0.23248120463486552,0.4197213874378994,35,357,11,197,EWMA,10,0.15
0.8566666666666667,0.9066666666666666,0.6538461538461539,0.7597765363128491,0.03571428571428571,0.8699347527472527,0.11582686007022858,0.21826384961605072,378,14,72,136,1D-CNN,10,0.5800000000000001
0.87,0.8735632183908046,0.7307692307692307,0.7958115183246073,0.05612244897959184,0.8993082810047096,0.10423562675714493,0.2071242481470108,370,22,56,152,CNN,10,0.5700000000000001
0.8083333333333333,0.8163265306122449,0.5769230769230769,0.676056338028169,0.06887755102040816,0.8174793956043955,0.1602894812822342,0.34353378415107727,365,27,88,120,GRU,10,0.53
0.395,0.3572744014732965,0.9326923076923077,0.5166444740346205,0.8903061224489796,0.6299426020408163,0.23975077271461487,0.48109471797943115,43,349,14,194,LSTM,10,0.4
0.9083333333333333,0.9322033898305084,0.7932692307692307,0.8571428571428571,0.030612244897959183,0.9231137166405022,0.07750216126441956,0.14869466423988342,380,12,43,165,CNN+GRU,10,0.41000000000000003
0.8416666666666667,0.8156424581005587,0.7019230769230769,0.7545219638242894,0.08418367346938775,0.8790718210361068,0.110392265021801,0.20542114973068237,359,33,62,146,CNN+LSTM,10,0.33
