model,mean,sd,ci_low,ci_high,n_folds,metric
RandomForest,0.8346666666666666,0.01598224323320827,0.8232336585966056,0.8460996747367275,10,accuracy
IsolationForest,0.597,0.04131182235954579,0.5674473025761354,0.6265526974238645,10,accuracy
OneClassSVM,0.7626666666666667,0.021245188271497104,0.7474687745176288,0.7778645588157046,10,accuracy
NaiveThreshold,0.36866666666666664,0.03658914363713322,0.34249237008164407,0.3948409632516892,10,accuracy
CUSUM,0.5660000000000001,0.025786397026435037,0.5475535228065825,0.5844464771934176,10,accuracy
EWMA,0.40983333333333327,0.03006628479678661,0.38832520886653976,0.4313414578001268,10,accuracy
1D-CNN,0.8195,0.023294279486391564,0.8028362762993873,0.8361637237006128,10,accuracy
CNN,0.8456666666666667,0.014993825889839283,0.8349407297691834,0.8563926035641499,10,accuracy
GRU,0.7448333333333332,0.13103446441374703,0.6510969242924759,0.8385697423741906,10,accuracy
LSTM,0.5446666666666666,0.1760362616965572,0.4187379111576638,0.6705954221756695,10,accuracy
CNN+GRU,0.8846666666666667,0.019591507356347737,0.870651746580582,0.8986815867527514,10,accuracy
CNN+LSTM,0.8636666666666667,0.036207563496056826,0.8377653360707511,0.8895679972625823,10,accuracy
RandomForest,0.7851962059749114,0.05015962600224877,0.7493141711124104,0.8210782408374123,10,precision
IsolationForest,0.45796344623769053,0.029636467404654213,0.4367627946106728,0.47916409786470826,10,precision
OneClassSVM,0.6507066826140877,0.042904945310656334,0.6200143336850577,0.6813990315431178,10,precision
NaiveThreshold,0.3487247751393446,0.006170361955848784,0.3443107641017804,0.35313878617690875,10,precision
CUSUM,0.433764269765045,0.01635808944952626,0.4220623975085514,0.4454661420215386,10,precision
EWMA,0.3630872146100809,0.009013154347747517,0.3566395924026809,0.36953483681748095,10,precision
1D-CNN,0.7872096386497113,0.07412337822566384,0.7341849681407969,0.8402343091586256,10,precision
CNN,0.8417889537275147,0.06250880536130472,0.7970728481272245,0.886505059327805,10,precision
GRU,0.7573863206304366,0.17580188094748034,0.6316252310089165,0.8831474102519568,10,precision
LSTM,0.5032021629861749,0.22077437230499075,0.3452696910925589,0.661134634879791,10,precision
CNN+GRU,0.8914126579423632,0.04727018664751875,0.8575976034767029,0.9252277124080236,10,precision
CNN+LSTM,0.8715016977091533,0.07404500870577295,0.8185330893775119,0.9244703060407947,10,precision
RandomForest,0.7302401545822599,0.05190985935375954,0.6931060782046645,0.7673742309598552,10,recall
IsolationForest,0.8040393816709607,0.06354481105060046,0.7585821622461895,0.8494966010957319,10,recall
OneClassSVM,0.7005037725432463,0.049434803041519974,0.6651402447913215,0.735867300295171,10,recall
NaiveThreshold,0.9352318733897679,0.08268397465432241,0.8760833211062334,0.9943804256733023,10,recall
CUSUM,0.7977755796834745,0.05131067871248509,0.7610701313155493,0.8344810280513996,10,recall
EWMA,0.9204821494295178,0.06021343937659593,0.8774080497381597,0.9635562491208759,10,recall
1D-CNN,0.6741511777695989,0.05559628165171363,0.6343799937427727,0.7139223617964251,10,recall
CNN,0.6927815605447184,0.042247872812465864,0.662559252965004,0.7230038681244328,10,recall
GRU,0.5716024107471476,0.15299678577708087,0.4621551034474941,0.681049718046801,10,recall
LSTM,0.7814225248435774,0.18652991852150091,0.6479870594557794,0.9148579902313755,10,recall
CNN+GRU,0.7646853146853146,0.05749021738138434,0.7235592906547704,0.8058113387158589,10,recall
CNN+LSTM,0.7187177953625322,0.06763183420298759,0.6703368957007666,0.7670986950242978,10,recall
RandomForest,0.7542333471680868,0.02262054885476622,0.7380515813275831,0.7704151130085904,10,f1
IsolationForest,0.5815838532088425,0.019975118830921044,0.5672945140052055,0.5958731924124796,10,f1
OneClassSVM,0.6723929640355286,0.02218945482166558,0.6565195842887339,0.6882663437823233,10,f1
NaiveThreshold,0.5069398566988645,0.010000300498174072,0.4997860726755371,0.514093640722192,10,f1
CUSUM,0.5610324656423185,0.014281707169401192,0.5508159477893841,0.5712489834952528,10,f1
EWMA,0.5201587790372596,0.011743022040178375,0.5117583271236447,0.5285592309508745,10,f1
1D-CNN,0.7221724600349924,0.0281326614694176,0.7020475663690124,0.7422973537009723,10,f1
CNN,0.7574236618093911,0.019621227138178498,0.7433874814721293,0.771459842146653,10,f1
GRU,0.6197510118271532,0.055437907733535775,0.580093121676424,0.6594089019778824,10,f1
LSTM,0.5585595653686298,0.06143446040682547,0.51461199985094,0.6025071308863197,10,f1
CNN+GRU,0.8211752696669004,0.0337051751695185,0.7970640398418386,0.8452864994919621,10,f1
CNN+LSTM,0.7853484223110494,0.05584674877337185,0.7453980648990219,0.8252987797230769,10,f1
RandomForest,0.10962928649720753,0.037957333762712354,0.08247624565714687,0.1367823273372682,10,fpr
IsolationForest,0.5134147137115715,0.08805424494954056,0.4504245014853288,0.5764049259378143,10,fpr
OneClassSVM,0.20419907093272088,0.04636860805906994,0.1710289669365986,0.23736917492884316,10,fpr
NaiveThreshold,0.9336075734641683,0.0997331216388627,0.8622627961440328,1.0,10,fpr
CUSUM,0.5576458844407328,0.059047349809512144,0.5154059549741891,0.5998858139072766,10,fpr
EWMA,0.8624869513022599,0.07277178238701916,0.8104291542106251,0.9145447483938948,10,fpr
1D-CNN,0.10299663343598306,0.05043873259539439,0.0669149377445685,0.13907832912739762,10,fpr
CNN,0.07286392817996759,0.03432465720898888,0.04830954759983493,0.09741830876010024,10,fpr
GRU,0.16281316874575916,0.27657649280860247,0.0,0.36066407291042735,10,fpr
LSTM,0.5817396523826922,0.36730952494599806,0.318982247077276,0.8444970576881083,10,fpr
CNN+GRU,0.051368155958035344,0.02636913672664013,0.03250481189568255,0.07023150002038814,10,fpr
CNN+LSTM,0.05901860744297714,0.0392349495088585,0.030951615355711382,0.0870855995302429,10,fpr
RandomForest,0.8788727368082541,0.015295675670503248,0.8679308695856017,0.8898146040309064,10,roc_auc
IsolationForest,0.7144250995732822,0.025108518189546257,0.6964635476872564,0.7323866514593079,10,roc_auc
OneClassSVM,0.8115016367879182,0.016747437044545253,0.7995212420404978,0.8234820315353386,10,roc_auc
NaiveThreshold,0.5791492289265404,0.02430921208821193,0.5617594661801028,0.5965389916729781,10,roc_auc
CUSUM,0.6819132729572843,0.025928303827249317,0.6633652817538976,0.700461264160671,10,roc_auc
EWMA,0.5817188374255544,0.02239373456069575,0.5656993247566909,0.5977383500944179,10,roc_auc
1D-CNN,0.8576711033333577,0.020431601415495593,0.8430552161603818,0.8722869905063336,10,roc_auc
CNN,0.8783519915853477,0.015958262795559577,0.8669361380869673,0.8897678450837281,10,roc_auc
GRU,0.7494195325441388,0.06973274657952325,0.6995357307049421,0.7993033343833356,10,roc_auc
LSTM,0.6776416983667498,0.0902893808244711,0.6130525662565532,0.7422308304769464,10,roc_auc
CNN+GRU,0.9181516714487319,0.021424482633848056,0.9028255198393814,0.9334778230580824,10,roc_auc
CNN+LSTM,0.8960830775297911,0.03106623302492003,0.8738596331923715,0.9183065218672107,10,roc_auc
RandomForest,0.12200213518518517,0.007051077811922727,0.11695809797776509,0.12704617239260524,10,mse
IsolationForest,0.22300621470532206,0.005680544672707351,0.21894259784392558,0.22706983156671853,10,mse
OneClassSVM,0.19934714795179548,0.0055993394815963046,0.19534162178466238,0.20335267411892857,10,mse
NaiveThreshold,0.3523432692790075,0.013551356787360616,0.3426492126156571,0.3620373259423579,10,mse
CUSUM,0.2224786298616749,0.0079281399684304,0.21680718018361606,0.22815007953973376,10,mse
EWMA,0.23175887749206545,0.0052983466098030065,0.22796866865442295,0.23554908632970795,10,mse
1D-CNN,0.12992093116044995,0.011778337969222329,0.12149521575310207,0.13834664656779783,10,mse
CNN,0.11549552157521244,0.008854487511153029,0.10916140278512161,0.12182964036530326,10,mse
GRU,0.15875260233879085,0.0252211904079703,0.14071044960320242,0.17679475507437928,10,mse
LSTM,0.1952277392148971,0.03650380722450255,0.16911448862198214,0.22134098980781208,10,mse
CNN+GRU,0.08724587261676785,0.013590649356797187,0.07752370774251699,0.0969680374910187,10,mse
CNN+LSTM,0.0999644741415977,0.019507704475930247,0.08600950302476135,0.11391944525843406,10,mse
RandomForest,0.2762705555555556,0.009907054008927291,0.26918347605226994,0.2833576350588412,10,mae
IsolationForest,0.36127931018295134,0.006282775540190344,0.35678488331150154,0.36577373705440114,10,mae
OneClassSVM,0.33250629751295496,0.004221321897874896,0.32948654574091035,0.3355260492849996,10,mae
NaiveThreshold,0.5479225606673376,0.00824447263288796,0.5420248202331693,0.5538203011015058,10,mae
CUSUM,0.42101502658559087,0.008240834793636463,0.41511988850485404,0.4269101646663277,10,mae
EWMA,0.4210050657875556,0.008016278875957803,0.41527056533331075,0.4267395662418004,10,mae
1D-CNN,0.23167297244071955,0.016268810975755145,0.2200349661569942,0.2433109787244449,10,mae
CNN,0.22434797585010524,0.017072412922098476,0.21213510736439753,0.23656084433581295,10,mae
GRU,0.32156661748886106,0.05169575036006906,0.28458570545853645,0.35854752951918567,10,mae
LSTM,0.3991105705499649,0.07800151260822001,0.34331164982813817,0.45490949127179164,10,mae
CNN+GRU,0.16532943397760388,0.020496494556688862,0.1506671250479241,0.17999174290728367,10,mae
CNN+LSTM,0.19021923989057538,0.03250142047311505,0.1669691243007017,0.21346935548044904,10,mae
